raw_entity_id,master_person_id,entity_type
00304hFwDMlichKFOw,MP00000000000001,Contact
003066vjFToJgJanlr,MP00000000000002,Contact
0030FQcnClntSEJMcx,MP00000000000003,Contact
00QgILs9VVRGc6tK3H,MP00000000000003,Lead
0030ggLW6ZcgN14jsB,MP00000000000004,Contact
0030yMz1WMCCAMgOPb,MP00000000000005,Contact
0030zNZuoHxIUwC7ac,MP00000000000006,Contact
0031Mo4iCppaX3QjBv,MP00000000000007,Contact
0031Q8osUVtTLfB4zE,MP00000000000008,Contact
0031cb51JJRzhbuXMZ,MP00000000000009,Contact
00QasnipuaUkxRFZXe,MP00000000000009,Lead
00QlX1djRigGweRPKu,MP00000000000009,Lead
0031sNLjVHWGaub52Z,MP00000000000010,Contact
00QynZQEkmNRral4MT,MP00000000000010,Lead
0031tYPjJtmSCm9BZL,MP00000000000011,Contact
0031uznmdJ8GfSLWRA,MP00000000000012,Contact
0031vfi5jE9VoBNnTv,MP00000000000013,Contact
0032B4gNefhdboEVaq,MP00000000000014,Contact
0032CRSsMYkp3TC4lJ,MP00000000000015,Contact
0032CbDvCkVLhgYXuO,MP00000000000016,Contact
0032dDx5SFhfjBFZf4,MP00000000000017,Contact
0032fHyS2GHnFtvNb3,MP00000000000018,Contact
0032fa5RKrQXDhiqBo,MP00000000000019,Contact
0032kAQFH2KTU51gJX,MP00000000000020,Contact
0032oKDzeLpHMIZdjO,MP00000000000021,Contact
0032qEwq4XW18WjjBX,MP00000000000022,Contact
00Qo2x2Zgkgg7wMh55,MP00000000000022,Lead
0033GRx8ffiYeJA7oq,MP00000000000023,Contact
0033TbxSpcRIHEJHuD,MP00000000000024,Contact
0033Wd9GV98gOqY4d9,MP00000000000025,Contact
00QcMpszIdrim2GNXX,MP00000000000025,Lead
00QroAIVMPILOQbqV5,MP00000000000025,Lead
0033iFqYuTOSausPlL,MP00000000000026,Contact
0033uUi9SF8dBZvV7y,MP00000000000027,Contact
00Q3Ic5t7KUSyekoZy,MP00000000000027,Lead
00QJ2jT6cVoqoPGXy4,MP00000000000027,Lead
00342cOg8NqTJJxxK3,MP00000000000028,Contact
003491h1pSZVPEJqzC,MP00000000000029,Contact
0034BQT3iIty0BfdNK,MP00000000000030,Contact
00QmRP8jB8Hhb5V65j,MP00000000000030,Lead
0034JOj1lSAtVBMhim,MP00000000000031,Contact
0034NWy6WFqOt34Pa4,MP00000000000032,Contact
00QR64gfZfb5gUMHNF,MP00000000000032,Lead
0034ZektUJrhQR6FEe,MP00000000000033,Contact
0034s6A8vfa9zhswId,MP00000000000034,Contact
00354OaGzbSHrFRA6l,MP00000000000035,Contact
0035AMfdzsNouDFNsq,MP00000000000036,Contact
0035JEKCIYk7egYVxE,MP00000000000037,Contact
00QVLhgYXuOXHyzMH8,MP00000000000037,Lead
0035SrJH3yvVjc7e5O,MP00000000000038,Contact
0035V65j8HFOs38U9P,MP00000000000039,Contact
0035wfMsSoEwr4RmmY,MP00000000000040,Contact
00365OM48mRkyAqfw6,MP00000000000041,Contact
00365oQyqGArXxtG7g,MP00000000000042,Contact
003694Xi1XrXUHLfpo,MP00000000000043,Contact
00QGJzeVP3bQQyK6Zj,MP00000000000043,Lead
0036DVvX4ZJApV4fLH,MP00000000000044,Contact
0036EB0WWHa7YDJ5wQ,MP00000000000045,Contact
0036SEMCiay0x1BAZO,MP00000000000046,Contact
0036Z2GLL7P2Gne0F7,MP00000000000047,Contact
0036eNwXQ7iLWceWwx,MP00000000000048,Contact
0036fSEVQOEXfnQsKD,MP00000000000049,Contact
0036yvT8GK0DhaFjhx,MP00000000000050,Contact
00373P2y00oJFhPJWG,MP00000000000051,Contact
0037Tc4JlLF7BYZ8fO,MP00000000000052,Contact
0037dYjS05nT5W1TsY,MP00000000000053,Contact
0038NwqFthIUF2wU6c,MP00000000000054,Contact
00QBWaXB9zqkYeT5dG,MP00000000000054,Lead
0038QjdWmHwCMPInOy,MP00000000000055,Contact
0038iiX13R5MCAYxnA,MP00000000000056,Contact
0038jO2DOUrrdVOoT0,MP00000000000057,Contact
0038pfZon34N2Vzc1Z,MP00000000000058,Contact
00395OzZ81f0KIhiE9,MP00000000000059,Contact
00Qb0XAYWykMDKR8UZ,MP00000000000059,Lead
00399C37DHpk6Rg9b5,MP00000000000060,Contact
0039ISjs8JHUdKF0j7,MP00000000000061,Contact
00QGTTpLVllOEhf6J6,MP00000000000061,Lead
0039MGSL6YNBmOXrcL,MP00000000000062,Contact
0039SX5JpfuNy5VikV,MP00000000000063,Contact
0039V5DuAw39Y6Pxdw,MP00000000000064,Contact
0039YaeRGOTkxRml6B,MP00000000000065,Contact
0039aVl5pEfur8hx5g,MP00000000000066,Contact
0039ntV6Y4FJJfCjq3,MP00000000000067,Contact
0039r4Eh0C3BfQ0tve,MP00000000000068,Contact
0039vyVFgohBid61z7,MP00000000000069,Contact
0039x14xQPHOvlHGTn,MP00000000000070,Contact
003A3zZyTttp7QDffA,MP00000000000071,Contact
003AHkD9eKan56yrSV,MP00000000000072,Contact
003AMTlrhqRPADWgTL,MP00000000000073,Contact
003AzUwyBJ8QYSXI1m,MP00000000000074,Contact
003B2itWcXzYUoTvmd,MP00000000000075,Contact
003BDsyqHBL3TLboP1,MP00000000000076,Contact
00QjzQDcrr1eoqXKXm,MP00000000000076,Lead
003BFTFRabVhoApeiE,MP00000000000077,Contact
003BWEgOfrZ3mTMT30,MP00000000000078,Contact
003YPX4gfjlGYqyxzJ,MP00000000000078,Contact
00Q6wPorelEuOQjJY7,MP00000000000078,Lead
00QNdc06PVz0oRaFxM,MP00000000000078,Lead
003BiUa2RgriAubP67,MP00000000000079,Contact
003Br1VjArnVgxwvqc,MP00000000000080,Contact
00Qh8l7qgATtLFxJpR,MP00000000000080,Lead
003C1Ha2oKDzeLpHMI,MP00000000000081,Contact
00QwGxXF6xxV4JOj1l,MP00000000000081,Lead
003C5bpGuyjvvMo8FY,MP00000000000082,Contact
003C9VQPVpWrdy9qYl,MP00000000000083,Contact
003CTP9gyv1plBArp5,MP00000000000084,Contact
00QaPzPdlVjqkcLQzN,MP00000000000084,Lead
003CTQ0oz9A13X6waP,MP00000000000085,Contact
003CVOkcxlR3NwfNTi,MP00000000000086,Contact
003CY5dGJQIbJu4Xej,MP00000000000087,Contact
003CecSbvgX5TFIuAC,MP00000000000088,Contact
003CsEFHYHbV92hB0B,MP00000000000089,Contact
003CtxRSEqy5Kcnm1y,MP00000000000090,Contact
003CzOUTsYMQ7PXfil,MP00000000000091,Contact
003D4cRikdtXCkKYgE,MP00000000000092,Contact
003DATblbXZGuJOWEP,MP00000000000093,Contact
00QQHsMX6Y6e3Ce3r7,MP00000000000093,Lead
003DNwU3YXdMGTZenG,MP00000000000094,Contact
003DemRA8JvRkPTSZh,MP00000000000095,Contact
003E7Y7bvuSznOG61H,MP00000000000096,Contact
003EGKSWhU73lLlIXh,MP00000000000097,Contact
003EMKdnSa5O5ZDNwU,MP00000000000098,Contact
00QMwMtd7YlQVjrztf,MP00000000000098,Lead
00QyKdPis05yZuCo6i,MP00000000000098,Lead
003ETXv66DORgxLS12,MP00000000000099,Contact
003EUsVXLXHl2BpSOZ,MP00000000000100,Contact
003EurHi0W3VcMZb5j,MP00000000000101,Contact
003F8fr9ompgDgiCXP,MP00000000000102,Contact
00QkgLagUoFPiEJvhn,MP00000000000102,Lead
003FAbDbtJtgEQmEYP,MP00000000000103,Contact
003FNhbxKl1Kvk3UQr,MP00000000000104,Contact
003FT0qFhU6BJavoUK,MP00000000000105,Contact
003FdPySAxavtBIn3T,MP00000000000106,Contact
003FgF6cW1GC7dDyQE,MP00000000000107,Contact
003FjChEo6bTZEblLu,MP00000000000108,Contact
003Fk6jOSL0IZbcNJO,MP00000000000109,Contact
003GNElLR8abMh0X9z,MP00000000000110,Contact
003GP2MLjlQM3ScwS8,MP00000000000111,Contact
003GRzslHon1iCdzzG,MP00000000000112,Contact
003GaZpfPYe5Dv3q6Q,MP00000000000113,Contact
003Gkcw41C15Ii6HKC,MP00000000000114,Contact
003GlNeE7d96hkIXmF,MP00000000000115,Contact
003HCi6ZECLjPXRLt9,MP00000000000116,Contact
003HIkxsrIDuSm4a1T,MP00000000000117,Contact
003HVhssnTJns5NZcC,MP00000000000118,Contact
003HmyMCVlbR1Jn7UC,MP00000000000119,Contact
003HqyARVDmyJI9Gpq,MP00000000000120,Contact
003Hzv2Pus6MDIUOhv,MP00000000000121,Contact
003IAUYMAAcvCnQjEN,MP00000000000122,Contact
003IE27AFTDF93RzM4,MP00000000000123,Contact
003IH9DWwnVTsCFyFP,MP00000000000124,Contact
003IW2KN9Q6TzkFEC8,MP00000000000125,Contact
003IamIsMCKEVm3Vpa,MP00000000000126,Contact
003IdakEAWJ1fGcn13,MP00000000000127,Contact
003IrAL7tQvqUCp8vC,MP00000000000128,Contact
00Q7IcY7MOkd5qpQ90,MP00000000000128,Lead
003JDbwp6Q43N3DrvX,MP00000000000129,Contact
00QEA0EPvg7RLiGEnE,MP00000000000129,Lead
003JHuD1L1jGBYHCWF,MP00000000000130,Contact
00QEQu8VdwjHgEtINv,MP00000000000130,Lead
00Qv026aO0TgGoEd9S,MP00000000000130,Lead
003Josy0cJGJ8j6B6k,MP00000000000131,Contact
003JwtAapnTB0iT2Cw,MP00000000000132,Contact
003K1URtbzEoC6nsgW,MP00000000000133,Contact
003KBP2pcBHUWi9o4J,MP00000000000134,Contact
003KMSzAnkiI0wzr2h,MP00000000000135,Contact
003KVBO7iEGd50DF5k,MP00000000000136,Contact
003L0xvNKFcTIsyhiI,MP00000000000137,Contact
003LjfP4tOPhRfINuh,MP00000000000138,Contact
003M4HaC4Juv8skRLs,MP00000000000139,Contact
003M4bnj6LAWohoNMd,MP00000000000140,Contact
003MGAzjKV65IgrHvz,MP00000000000141,Contact
003MM5yAoguaOannOr,MP00000000000142,Contact
003MRz3FMrWELWZ8wz,MP00000000000143,Contact
00QTKkwOc2pHd9PObQ,MP00000000000143,Lead
00QqnJMb3HNspYzCQj,MP00000000000143,Lead
003MYkp3TC4lJy6o1q,MP00000000000144,Contact
00QtYPjJtmSCm9BZLp,MP00000000000144,Lead
003MdOayq0O1b1Oox8,MP00000000000145,Contact
003MlUzgNwCP2klyuj,MP00000000000146,Contact
003MqOucMC694Xi1Xr,MP00000000000147,Contact
003MsHarAJOCBnD3Xk,MP00000000000148,Contact
003NKzc5xJmBp4SFEQ,MP00000000000149,Contact
003NLbWphJeVmn1uj3,MP00000000000150,Contact
003NS80TKIsEEKLQYE,MP00000000000151,Contact
003NTjlib9MLLKobeW,MP00000000000152,Contact
003NUhkysUUHxRDi1a,MP00000000000153,Contact
00QTL4TOwkWolGc97K,MP00000000000153,Lead
003NbrnTP3fAbnFbmO,MP00000000000154,Contact
00QgMXAdx9G81aSQHq,MP00000000000154,Lead
003OBMWlsCDbkjR7D1,MP00000000000155,Contact
003OC56aMIgHFivepr,MP00000000000156,Contact
00Q7WJ4RLYpI3t2xjt,MP00000000000156,Lead
003OEyY6J8GFdJ5khY,MP00000000000157,Contact
00QtJiDrBixcfTLUxp,MP00000000000157,Lead
003OJQJeheqJoGWlQ9,MP00000000000158,Contact
003OWEPGICJ3tWoxr0,MP00000000000159,Contact
003OfD28ynxALeId5D,MP00000000000160,Contact
003OzuhPDKOzphKiF3,MP00000000000161,Contact
003PH8UCiY5DCQSCon,MP00000000000162,Contact
003PKuu8TBNEtRI3Mw,MP00000000000163,Contact
003PO0u0zhGEGcSc4H,MP00000000000164,Contact
003PRQeNHpCq5QnuVd,MP00000000000165,Contact
003y4CqpIqK3yn9Ffc,MP00000000000165,Contact
00QGF9IyDN8pbWvTMV,MP00000000000165,Lead
00QXeRzWGJk2mdcdwm,MP00000000000165,Lead
003PYJixTgGlWCjAzf,MP00000000000166,Contact
003PhRfINuhR694fPF,MP00000000000167,Contact
00Q3fKMDb6k3jgmlRS,MP00000000000167,Lead
00QcR9GLw4yWQdNuuI,MP00000000000167,Lead
003Pk1FYuhoIE9WVVI,MP00000000000168,Contact
003Q34A4VOJjeHSl0j,MP00000000000169,Contact
003QhbMnwuLmGWVmf0,MP00000000000170,Contact
003QlxwbQZ8i5hzcqt,MP00000000000171,Contact
003QvqUCp8vCLaQOaD,MP00000000000172,Contact
003R8T3kwmm0zoAEVV,MP00000000000173,Contact
003RlPgZ8AFzVtCGEw,MP00000000000174,Contact
003RmBIxJh6aYZvzQz,MP00000000000175,Contact
003S3V0IvwNhBDG7Xk,MP00000000000176,Contact
003S3x27QIOeSbJwbB,MP00000000000177,Contact
00QBj30UbVmPB2vbFy,MP00000000000177,Lead
003S4kA9ObCFYHkfdj,MP00000000000178,Contact
00QQYxIszxgnrdDqok,MP00000000000178,Lead
003SLy3W6UGBk0hopU,MP00000000000179,Contact
003SO9qzycRJlTnHW4,MP00000000000180,Contact
003SVOiKz6B2ikKurf,MP00000000000181,Contact
003SXkZQJ4KsTJedVv,MP00000000000182,Contact
003SmCpQ4XShhBwGxX,MP00000000000183,Contact
003Smnlm2OM3HVzNni,MP00000000000184,Contact
00QrT7ypjTAscz209h,MP00000000000184,Lead
003TEb4MpOaN4YgLZd,MP00000000000185,Contact
00Qcb9oyXNE7Y7bvuS,MP00000000000185,Lead
003TXU6ngnrz1dHRhH,MP00000000000186,Contact
003TmSlB8e7Thcrqj0,MP00000000000187,Contact
003Tmt9OBGhnuKoneN,MP00000000000188,Contact
00QMjc54bLYFWFKvnZ,MP00000000000188,Lead
003TzZLis9Gu5KxaNq,MP00000000000189,Contact
003U1yah4uUEeIp6iY,MP00000000000190,Contact
003U5r2MVqt3t9Vj0O,MP00000000000191,Contact
003UQSyPx3BpdbIKaR,MP00000000000192,Contact
00QVHWGaub52Ztd26f,MP00000000000192,Lead
003UTaTJQ9j6A05f8l,MP00000000000193,Contact
003UjqyHl3pxa8Sx8p,MP00000000000194,Contact
003UqwIYvzvQLJOH8r,MP00000000000195,Contact
003UyGrRm1yiUJX0RC,MP00000000000196,Contact
003V2F50yggbjFVoQv,MP00000000000197,Contact
003VE8LwDBpQ8YxTbq,MP00000000000198,Contact
003VK0sjpNrhFKETWX,MP00000000000199,Contact
003VMFkQ5KexibG4QZ,MP00000000000200,Contact
003VNqTIAae24HZKjh,MP00000000000201,Contact
00QwImAmIxSJzyCaoA,MP00000000000201,Lead
003VaqzU9Ue591EuCp,MP00000000000202,Contact
00QNTjlib9MLLKobeW,MP00000000000202,Lead
003VnN4SgeJpB3jN5P,MP00000000000203,Contact
003VybmyyO7jsXT54L,MP00000000000204,Contact
003WW122qOJDkyMQyy,MP00000000000205,Contact
00QBFZf4Y25zyxxfnt,MP00000000000205,Lead
00QeQmYjKtTYfII1G4,MP00000000000205,Lead
003WWiAAADaHT63UGb,MP00000000000206,Contact
003WYnfwm0wDig4w0W,MP00000000000207,Contact
00QhATiuhVvED8LNi6,MP00000000000207,Lead
003WeWUcgXFdhpePUW,MP00000000000208,Contact
003WjXqg8n7WhG2KYf,MP00000000000209,Contact
003WtFuaQvSMbkuuP4,MP00000000000210,Contact
003XR4bR6IIl92EtEf,MP00000000000211,Contact
003XS058H4KPfA1lqu,MP00000000000212,Contact
003XStazn0h6Oj5sRz,MP00000000000213,Contact
003XpKCPoPVGQ9taae,MP00000000000214,Contact
003XtE9A4mqbWrINcS,MP00000000000215,Contact
00QMVAJMGwjjQsAtZd,MP00000000000215,Lead
003XwbjaX6ft8kdVON,MP00000000000216,Contact
003Y2bTu5X1YqWg21n,MP00000000000217,Contact
003Y5DtwY3LVvSbYn1,MP00000000000218,Contact
003Y8DztgjzEPyVcfp,MP00000000000219,Contact
003YKVMxA9zdpotfQ1,MP00000000000220,Contact
003YMrfF0rir1agkKj,MP00000000000221,Contact
003YNPROqCQpL70aVN,MP00000000000222,Contact
003Yb7L0P6QWoIt7wY,MP00000000000223,Contact
003Yg7NZRBT7qYHDBT,MP00000000000224,Contact
003ZSy6JHNRcgC22pH,MP00000000000225,Contact
003ZUs9BvYB9WoYKvS,MP00000000000226,Contact
003ZY0uVLSwCgOawNX,MP00000000000227,Contact
003ZaGxEv4gjnl3MZG,MP00000000000228,Contact
003ZrEZsKETnXjsNNh,MP00000000000229,Contact
003ZszIl98M19FCMmd,MP00000000000230,Contact
003a3lvgEfFjhEjOoy,MP00000000000231,Contact
003a5FDEkUturFIxYe,MP00000000000232,Contact
003aKQdFZ1Amm4WvPR,MP00000000000233,Contact
003aRgBbmHmGqDTiRb,MP00000000000234,Contact
003aWxscHjFndTyBKF,MP00000000000235,Contact
003aYsP6ihgIqLSmNq,MP00000000000236,Contact
00QPiyQTGOPtsb2UiS,MP00000000000236,Lead
003b8yAtuKUXdKPhpb,MP00000000000237,Contact
00Qv1PBRKEmIu9XWLj,MP00000000000237,Lead
003bJJqUXlENAJgd4X,MP00000000000238,Contact
003bOG7rmZ0JfHtKE5,MP00000000000239,Contact
003bm4xmsGCwau4y9i,MP00000000000240,Contact
003buFrEHS2JpDzfOv,MP00000000000241,Contact
00QUhoT2wvF4OLBzJZ,MP00000000000241,Lead
003bxSDWvJtqbLbYrY,MP00000000000242,Contact
003cAq6HXWf2Td6P3g,MP00000000000243,Contact
00QUQznwo9aPkCJK8C,MP00000000000243,Lead
003cGOtJt3tlrtBhjq,MP00000000000244,Contact
003cWDKxfjfM59MdNR,MP00000000000245,Contact
003cc9hoHyx6RHKT2O,MP00000000000246,Contact
003ccDwJ7eTG1UrGGL,MP00000000000247,Contact
003ci1niIKrTAIqOkC,MP00000000000248,Contact
003coEQ7OxQXOW1OrO,MP00000000000249,Contact
003csXtTfVc0PkwBM2,MP00000000000250,Contact
003cxxUweoOgKUivuN,MP00000000000251,Contact
003dLE4rXLvNMQSOZM,MP00000000000252,Contact
003dUc0wFrQLr5xYbj,MP00000000000253,Contact
003dUnD4gl6wsgaI1u,MP00000000000254,Contact
003dmCoUV0z14N0qrj,MP00000000000255,Contact
003doLoFF6qtIebN4b,MP00000000000256,Contact
003dwaiY7FEQz0EfbV,MP00000000000257,Contact
003dxCFZDGZ3CwPQ82,MP00000000000258,Contact
003dzlPLQKWkCJ5fsw,MP00000000000259,Contact
003e0nqsJXM7SJKqJG,MP00000000000260,Contact
003e1z6JJcfOJtqPtq,MP00000000000261,Contact
00QsZWMdnIjxGlBRxP,MP00000000000261,Lead
003eLBfBh84x3QWdXd,MP00000000000262,Contact
003eZi2mEgJZOGRpwL,MP00000000000263,Contact
003ekgjjm7bzQ5DATb,MP00000000000264,Contact
003f2OH3YBh8xLx0Y8,MP00000000000265,Contact
003f8HrlVj7Qd7lSsg,MP00000000000266,Contact
003fACLtTThRRk7GWS,MP00000000000267,Contact
003fVjAh3TBEbBpsZy,MP00000000000268,Contact
00QkDQ17LEM8wPQysh,MP00000000000268,Lead
003fdjMPqPEBqUhArQ,MP00000000000269,Contact
003ffT6Uhw07JadH08,MP00000000000270,Contact
003ffneKGBavh1RDof,MP00000000000271,Contact
003fgUKx7tirfILLWQ,MP00000000000272,Contact
003fnTTn40ilMphPJd,MP00000000000273,Contact
003fz2golOu8PGJ2Vi,MP00000000000274,Contact
00QgD81HiLNtD3hOwM,MP00000000000274,Lead
003g0wVJY08YMNb5Zq,MP00000000000275,Contact
003gCzVnsjX74JIozG,MP00000000000276,Contact
003gJSoFc1pDxj51I4,MP00000000000277,Contact
003gOHafUozD13kay5,MP00000000000278,Contact
00QismpVDg2dWeDBDg,MP00000000000278,Lead
003gYVxEOfY34NajjG,MP00000000000279,Contact
003gjqeATHuRVNlBNa,MP00000000000280,Contact
003gmN8DhWD3qNyxxl,MP00000000000281,Contact
003gmolaHr8IRh1E2J,MP00000000000282,Contact
003gpkjVe6MCIJQ2N9,MP00000000000283,Contact
003gv3je68u93RAOLA,MP00000000000284,Contact
003h30GscecgAfOJpp,MP00000000000285,Contact
003hBDG7Xkq7r7d8lY,MP00000000000286,Contact
00QLc82YlBg6MsDVHj,MP00000000000286,Lead
003hiHSfQ25VLNxSTx,MP00000000000287,Contact
003hs7k8Opc64sHiEt,MP00000000000288,Contact
003htzF3Rth4sMnijU,MP00000000000289,Contact
003hv1zJJ3WDSLVFCB,MP00000000000290,Contact
003iL1rRYwMODzl97Y,MP00000000000291,Contact
003iRrpeMvBiDPgdAl,MP00000000000292,Contact
003ifBvKCMACzXtxlo,MP00000000000293,Contact
003ilbVaqzU9Ue591E,MP00000000000294,Contact
003j7uNLL18myHlgJB,MP00000000000295,Contact
003jHvIHCtlRJoWcUR,MP00000000000296,Contact
003jI5h0gwrGhsxsbi,MP00000000000297,Contact
003jQZRcZufpwFPq9b,MP00000000000298,Contact
003juGhmKfFYCFCdCY,MP00000000000299,Contact
003k4Ybn9nbFhSXxNV,MP00000000000300,Contact
003k7HaePV1AgHR8WO,MP00000000000301,Contact
003kCh3EB9ICgSjvmr,MP00000000000302,Contact
003kLINO7uXggnUIQn,MP00000000000303,Contact
003kPaqBlS3HBcNGPO,MP00000000000304,Contact
003kYHpb4XXfdjjYHD,MP00000000000305,Contact
00Qr9QNejh67eVVqlV,MP00000000000305,Lead
003krLGgdpgh3JoGr2,MP00000000000306,Contact
00Q6JgCggbCqDGvhIv,MP00000000000306,Lead
003l5TGWi2Y6PiSCSG,MP00000000000307,Contact
003l9XFrA62Ys16ztf,MP00000000000308,Contact
003l9XwpgCaXy1v6ZA,MP00000000000309,Contact
00Qb26h6b10mdBmVKh,MP00000000000309,Lead
003lVbT6mXZe0XPisp,MP00000000000310,Contact
003lkR4Xjh9JBwmRP8,MP00000000000311,Contact
003loOwf0FNW5gecmm,MP00000000000312,Contact
00QXOm3ConAxj0pfUs,MP00000000000312,Lead
003m8VaZDrkqSzNpUG,MP00000000000313,Contact
003mIIlID9JWyi1hoW,MP00000000000314,Contact
003mOYf0Yh6d5ASExA,MP00000000000315,Contact
003mQiOj5qOpx4kysR,MP00000000000316,Contact
00Q0f8NR0Xy8ZEurHi,MP00000000000316,Lead
00QsIJyQdYDNBuwI5p,MP00000000000316,Lead
003mREpOaUVgAk7Gdp,MP00000000000317,Contact
00QrAJOCBnD3XkfFNu,MP00000000000317,Lead
003moJpI6uVESTCTvi,MP00000000000318,Contact
003msGCwau4y9izUy4,MP00000000000319,Contact
00Qbi89JX4Jyx6dxDu,MP00000000000319,Lead
003nCwxkGXMASh2ilH,MP00000000000320,Contact
003nGBB19sMLT6mnOj,MP00000000000321,Contact
003nQ74mudMbAbX50p,MP00000000000322,Contact
003ngnrz1dHRhHDprW,MP00000000000323,Contact
00Q3tsd73P2y00oJFh,MP00000000000323,Lead
003nm6YqUxAmnZTllX,MP00000000000324,Contact
003nwo9aPkCJK8CiRl,MP00000000000325,Contact
003nx3iUhK4OlR5eHv,MP00000000000326,Contact
003oDh6CpwL7SWktJ5,MP00000000000327,Contact
003ooJeTY8HhO6kGL7,MP00000000000328,Contact
00QL39iyOOe6mRY31B,MP00000000000328,Lead
003oozm3eKdBnLlxCm,MP00000000000329,Contact
003osmhCXTmMzcvXnN,MP00000000000330,Contact
00Qh1uznmdJ8GfSLWR,MP00000000000330,Lead
003pMsyw8IJqF52itG,MP00000000000331,Contact
003pOaUVgAk7Gdp0CX,MP00000000000332,Contact
003pcMdK3nLh7fLxVO,MP00000000000333,Contact
003pj9bnRn2BYjs71D,MP00000000000334,Contact
00Q4RIUHyRmfL2zqSH,MP00000000000334,Lead
003q1GNLLKv0MYRsMf,MP00000000000335,Contact
003qMyeuPH7M3EHMoQ,MP00000000000336,Contact
003qNOSIOFkYtWx7pq,MP00000000000337,Contact
003qUxAmnZTllXb8oB,MP00000000000338,Contact
00Q2n65OM48mRkyAqf,MP00000000000338,Lead
003qVkVEVfMNz7xcmx,MP00000000000339,Contact
00QdNJMDmhQGz1j9v9,MP00000000000339,Lead
00QssjRRkwn9XoEwJC,MP00000000000339,Lead
003qgATtLFxJpRa5HS,MP00000000000340,Contact
003rIAeq6wy442hkJP,MP00000000000341,Contact
00Qkxsn1KESY6hki8L,MP00000000000341,Lead
003rMMfNKKkM3u5c1f,MP00000000000342,Contact
00QZlPMpQvhxKkZssT,MP00000000000342,Lead
00QhteCGhZIKViF1ZG,MP00000000000342,Lead
003ragiqwzcdIwrxBI,MP00000000000343,Contact
003rj3Ofx7LMooj84u,MP00000000000344,Contact
003rohwHuPpUV0lLi1,MP00000000000345,Contact
003rqtHioRRdzHzmA4,MP00000000000346,Contact
003s1XDeUnPPy0Ifyq,MP00000000000347,Contact
003s4RSnE9I9egVuBp,MP00000000000348,Contact
003s4nlTUU4RRyotrC,MP00000000000349,Contact
003s7NAxvpCPZygFP0,MP00000000000350,Contact
003sAFT0qFhU6BJavo,MP00000000000351,Contact
00QzN3MMBvYOW2fHyS,MP00000000000351,Lead
003sJ7m1D6wxDALAj7,MP00000000000352,Contact
003sM2wleOV911xCZk,MP00000000000353,Contact
00QnKktQhT66y97cL5,MP00000000000353,Lead
00QuXMZ5f0pKGytvuk,MP00000000000353,Lead
003sR1S6NmMsvP8O7F,MP00000000000354,Contact
003smKVcbmk2SvIlb0,MP00000000000355,Contact
003t32JrlVFyUhGA6c,MP00000000000356,Contact
003t9SGVZe8NBQv2WN,MP00000000000357,Contact
003tE9A4mqbWrINcSW,MP00000000000358,Contact
003tKbs9M9BjcYmxU0,MP00000000000359,Contact
003tgH6chve15Omk9o,MP00000000000360,Contact
00QvGQYAbJaZbnAqnP,MP00000000000360,Lead
003tgatwqilBIzbvfL,MP00000000000361,Contact
003tj8b8rhBafanAWE,MP00000000000362,Contact
003tuNc6GpNm31nhNu,MP00000000000363,Contact
003tyM0KFFEIDbugzt,MP00000000000364,Contact
003tyVJEIHDIjdqKxP,MP00000000000365,Contact
003u2IWHuJlkTVtyo0,MP00000000000366,Contact
00QnufaWJN30cpN7Iz,MP00000000000366,Lead
003u8JiZXVKuhizRIB,MP00000000000367,Contact
003u8zF9OHzlwUMVmI,MP00000000000368,Contact
00QVYJVkGBr9BY8Dzt,MP00000000000368,Lead
003uJ3KjJa8cDVcGDX,MP00000000000369,Contact
003uevtN7YPTuanQvW,MP00000000000370,Contact
003ug24E5NQCnDVYYx,MP00000000000371,Contact
003uqs0D1K6e3F1xsd,MP00000000000372,Contact
003uyMwOWYLhJtqlCB,MP00000000000373,Contact
00Q1W5UYI75r9HASVq,MP00000000000373,Lead
003vYo7CzakFIFvhFp,MP00000000000374,Contact
003vkeQuHu9D4vkJzK,MP00000000000375,Contact
00QcPk3kU0qlGCyiZL,MP00000000000375,Lead
003vlG3EL9565HyBhI,MP00000000000376,Contact
00Qb4I17lMlnv24LJ3,MP00000000000376,Lead
003vuwXK2VAFPHUF9j,MP00000000000377,Contact
00QCxOALvFD51Dvl5k,MP00000000000377,Lead
003wMwkIeRm8ohD6J7,MP00000000000378,Contact
003wN7dsNemMVLkut0,MP00000000000379,Contact
003wW1uhw3U3x8EE5G,MP00000000000380,Contact
003waNxlb1WoSOHyGE,MP00000000000381,Contact
003wmpM3CgdHjbFeoB,MP00000000000382,Contact
003xJ0n2PvDHYglg7y,MP00000000000383,Contact
00QihJc1y14hw07xQF,MP00000000000383,Lead
003xmp4mabaYQd7fZP,MP00000000000384,Contact
003y3vcPBrfkbNVtNN,MP00000000000385,Contact
003ybF5276m8Uiu78t,MP00000000000386,Contact
00Q3lwkHUBMKRTDpSL,MP00000000000386,Lead
003yf2sKCPMq72llUL,MP00000000000387,Contact
003ysZCAMdGiZCShW6,MP00000000000388,Contact
003z2R2StvZ3LjzN3M,MP00000000000389,Contact
003z3FMrWELWZ8wzjH,MP00000000000390,Contact
003z6OwD8kmQfDkjEX,MP00000000000391,Contact
003z8uwtE95ynAopXu,MP00000000000392,Contact
00QdKXpZI0n7CjgHwU,MP00000000000392,Lead
003zDE6vRbrlvon4vL,MP00000000000393,Contact
003zZ5cZWlU2rcsL5u,MP00000000000394,Contact
00QZKVBO7iEGd50DF5,MP00000000000394,Lead
00Qod4noguDQi78jO2,MP00000000000394,Lead
003zfNm8x9WHA4CaCZ,MP00000000000395,Contact
003zrIKTkQIcvNxGRz,MP00000000000396,Contact
00Q63oeKBP2pcBHUWi,MP00000000000396,Lead
00QMM7Qt46xHr4YxXB,MP00000000000396,Lead
003zzJODFVjyoUDFWU,MP00000000000397,Contact
003zzmFLD0TRGI9Dx7,MP00000000000398,Contact
00Q0Ay2ddZVFePYu80,MP00000000000399,Lead
00Q0AzEJT9cyFS541o,MP00000000000400,Lead
00Q0UJXSwOipDquRCR,MP00000000000401,Lead
00Q0VdEzTZcQL2qmIE,MP00000000000402,Lead
00Q0XqRwHviirWz5kn,MP00000000000403,Lead
00Q0gfTjA35XRjdDcs,MP00000000000404,Lead
00Q0kw2k65us3mCpL9,MP00000000000405,Lead
00Q1E9KZrTTpuJ3KjJ,MP00000000000406,Lead
00Q1F7G4bogoRGZrSi,MP00000000000407,Lead
00Q1MAzuBkY5t1EBHb,MP00000000000408,Lead
00Q1OZNVUPV0fGjWJN,MP00000000000409,Lead
00Q1b1Oox8gt1GlFC5,MP00000000000410,Lead
00Q1u7a67h9DpLm4IW,MP00000000000411,Lead
00QdUc0wFrQLr5xYbj,MP00000000000411,Lead
00Q25VLNxSTxNI1Ynh,MP00000000000412,Lead
00Q2IStSJsSPjXhL1p,MP00000000000413,Lead
00Q2J5fWNk56UPfmr1,MP00000000000414,Lead
00Q2O8iiX13R5MCAYx,MP00000000000415,Lead
00Q2UoYXdJmceAta7p,MP00000000000416,Lead
00Q2fuTif6a3cYzgj6,MP00000000000417,Lead
00Q2kBhPonUOfASj53,MP00000000000418,Lead
00Q2q3UjrnvQ0Fp4dN,MP00000000000419,Lead
00Q3bQxAh4FNPIXDxa,MP00000000000420,Lead
00Q3gVnjgoYqGIP653,MP00000000000421,Lead
00Q3lX87eCr0uIamIs,MP00000000000422,Lead
00Qy76jTUIhDswdP8o,MP00000000000422,Lead
00Q406gnZi91SofSYY,MP00000000000423,Lead
00Q46f3KwOxBFK6gsv,MP00000000000424,Lead
00Q4FL2oIvHquilA0m,MP00000000000425,Lead
00Q4ITIKvYo7CzakFI,MP00000000000426,Lead
00QJXHwmhPE7tyyhvC,MP00000000000426,Lead
00Q4QDoafgJE6WeS4N,MP00000000000427,Lead
00QCqpgrxMp1juJtVE,MP00000000000427,Lead
00Q4RSnE9I9egVuBpF,MP00000000000428,Lead
00Q4tFyWR4w7UEqMAO,MP00000000000429,Lead
00Q52TdimuPGtk4vvV,MP00000000000430,Lead
00QB1BhEOgzIafLMsF,MP00000000000430,Lead
00Q5EeC3M807qI3YuP,MP00000000000431,Lead
00Q5PPTsR3Owyvd0Xy,MP00000000000432,Lead
00Q5ldqchyZhIGaMq1,MP00000000000433,Lead
00Q67ityNyFrbSzemc,MP00000000000434,Lead
00Q6Fx2QR5LOJDfEvG,MP00000000000435,Lead
00Q6JqpYWLSlBZ1Blk,MP00000000000436,Lead
00Q6KSQ6pMLmBumN1y,MP00000000000437,Lead
00Q6N5rA4VukeWxud7,MP00000000000438,Lead
00Q6Q4EmT2mmpMjg5P,MP00000000000439,Lead
00QfbVsrHkCUVIhhWZ,MP00000000000439,Lead
00Q6Q93Pl3W3w7a1VR,MP00000000000440,Lead
00Q6Q9x7VfpfpZNfxu,MP00000000000441,Lead
00Q6bTZEblLusMVOGE,MP00000000000442,Lead
00Q6nsgWW4BbDFl5TG,MP00000000000443,Lead
00Q6oDrkUT5E9X3gFo,MP00000000000444,Lead
00Q6oU8uzUEHGNyjZY,MP00000000000445,Lead
00Q6vVl9jsWFHTGP2M,MP00000000000446,Lead
00QPLmbksf0tyEOfHl,MP00000000000446,Lead
00Q7Axxh4pHVhssnTJ,MP00000000000447,Lead
00Q7CCKbheN9Pot7Ga,MP00000000000448,Lead
00QFzixlNQO9IEitBd,MP00000000000448,Lead
00Q7Rp9KddvHBrD2e8,MP00000000000449,Lead
00Q7TXOKNoIokORpJ3,MP00000000000450,Lead
00Q7gTuRmDIBkujdQM,MP00000000000451,Lead
00Q7xLDnuU95kSDtlD,MP00000000000452,Lead
00Q8GrgmolaHr8IRh1,MP00000000000453,Lead
00Q8T3kwmm0zoAEVVK,MP00000000000454,Lead
00Q8UCiY5DCQSCon1M,MP00000000000455,Lead
00Q8YxTbqKjCQwdwN7,MP00000000000456,Lead
00Q8e42kAQFH2KTU51,MP00000000000457,Lead
00Q98rdpy9966nvyiT,MP00000000000458,Lead
00Q9L7J9gaVt1X3ECk,MP00000000000459,Lead
00Q9MHXRdJn5rQlFcy,MP00000000000460,Lead
00Q9NIQ0Wobtqn62tO,MP00000000000461,Lead
00Q9QOau96QzjeO6eJ,MP00000000000462,Lead
00Q9UyGrRm1yiUJX0R,MP00000000000463,Lead
00Q9fNyD6rOuipJhjR,MP00000000000464,Lead
00Q9hutmuDGNATQrrG,MP00000000000465,Lead
00Q9kNKLFrAZTGO8pU,MP00000000000466,Lead
00Q9llGyJ3yqXwXAw5,MP00000000000467,Lead
00Q9s8OrJQUdLE4rXL,MP00000000000468,Lead
00Q9vOWOU6mbjhPInR,MP00000000000469,Lead
00QA5Xt0O2cNaix6Pq,MP00000000000470,Lead
00QAMdGiZCShW6RizB,MP00000000000471,Lead
00QAQnSxMlYRERDTK1,MP00000000000472,Lead
00QASBpXdtB7Ut2Wjt,MP00000000000473,Lead
00QATDPNjZ3Ma5FDEk,MP00000000000474,Lead
00QSQbD7WWJSKkMM0j,MP00000000000474,Lead
00QAUhY4FWS08glAV1,MP00000000000475,Lead
00QAqFjBjuxj5JpNrH,MP00000000000476,Lead
00QAvc3Nkr3QIuxg5K,MP00000000000477,Lead
00QAw1W0rFsMhfQ9b5,MP00000000000478,Lead
00QB5xt3fvqtOgMSQd,MP00000000000479,Lead
00QBBkTDBFKQ50SD2S,MP00000000000480,Lead
00QBE0ZiFm9cNtGylM,MP00000000000481,Lead
00QBFCRy5OdKRE3skr,MP00000000000482,Lead
00QBKFnryifJdyfFVi,MP00000000000483,Lead
00QBLKH51zc8RYK4gp,MP00000000000484,Lead
00QWJhaOQtwjOp1Awr,MP00000000000484,Lead
00QBbuQzkChMbyIbNi,MP00000000000485,Lead
00QBckOW2kAtyVJEIH,MP00000000000486,Lead
00QBnbr5wfMsSoEwr4,MP00000000000487,Lead
00QBqceTWbEOacyjuy,MP00000000000488,Lead
00QBsrdFtCdZe11MFC,MP00000000000489,Lead
00QuanQvWScBAkz2vx,MP00000000000489,Lead
00QBvDr7GS5oNfsV0N,MP00000000000490,Lead
00QBvq4qjnKGGmcxco,MP00000000000491,Lead
00QC7sOYz5X0PnCRcd,MP00000000000492,Lead
00QCJ3tWoxr0jr7MjH,MP00000000000493,Lead
00QCX3IxLGgrL21e3A,MP00000000000494,Lead
00QCYjrhyJcOOB4vi2,MP00000000000495,Lead
00QCYxNBahhN4nK9DR,MP00000000000496,Lead
00QCgOawNXHxg3EYUz,MP00000000000497,Lead
00Qtv5XqhPx8Y7XsrS,MP00000000000497,Lead
00QCjtu6K2jUdfBALz,MP00000000000498,Lead
00QXv00kKXR4bR6IIl,MP00000000000498,Lead
00QCkaj2seomfpQ0xD,MP00000000000499,Lead
00QD0nd6rLtdlVr1hN,MP00000000000500,Lead
00QDSBbszpPwIv9IvC,MP00000000000501,Lead
00QDgoZlVXoMBiLc5V,MP00000000000502,Lead
00QDnziKVMFkQ5Kexi,MP00000000000503,Lead
00QWw6SEMCiay0x1BA,MP00000000000503,Lead
00QDwJ7eTG1UrGGLpN,MP00000000000504,Lead
00QDxcjRLVqyGHemmo,MP00000000000505,Lead
00QE0h2pScWifucpmQ,MP00000000000506,Lead
00QEHMoQrof8VRgksb,MP00000000000507,Lead
00QEJwpgJSoFc1pDxj,MP00000000000508,Lead
00QEvtX9CXu07dWeDl,MP00000000000508,Lead
00QEaJ6dNnRvrdkZr1,MP00000000000509,Lead
00QEb1IxkeDSOd0Lxp,MP00000000000510,Lead
00QEcrxZfrLE1xcmlA,MP00000000000511,Lead
00QEgVzzrAkliEFgJn,MP00000000000512,Lead
00QEvDfSAqt8E8rwA3,MP00000000000513,Lead
00QF6qtIebN4bIKgVO,MP00000000000514,Lead
00QF7UcOf5oHBDH8l5,MP00000000000515,Lead
00QFCdCYSyYUJcvd95,MP00000000000516,Lead
00QHLW7slQlkFxAIiK,MP00000000000516,Lead
00QFEQRO5TpcYNPROq,MP00000000000517,Lead
00QFFciuDCLFuMk9Ts,MP00000000000518,Lead
00QJBLWL12T3DE3BdO,MP00000000000518,Lead
00QFXWEJNTJ8WGX0f5,MP00000000000519,Lead
00QFeBFIyLmaJKa5FF,MP00000000000520,Lead
00QFx9T6VSCJbVBDgt,MP00000000000521,Lead
00QG1vkiuYYAduVFXB,MP00000000000522,Lead
00QG39LLA6XCSHHUcu,MP00000000000523,Lead
00QG3iFqYuTOSausPl,MP00000000000524,Lead
00QVq78CizRUsR1S6N,MP00000000000524,Lead
00QG5xLKX7JhVwP4Ay,MP00000000000525,Lead
00QG6gt7j2NaR1cdbw,MP00000000000526,Lead
00QGOIbYravzP83JAb,MP00000000000527,Lead
00QGWwn9FIyw7Eqx0u,MP00000000000528,Lead
00QGXMRqOGqleigCCR,MP00000000000529,Lead
00QPOkaiaEvGYqxU2T,MP00000000000529,Lead
00QGa5QKfCcGOtJt3t,MP00000000000530,Lead
00QGcSc4Htyu2Y9nQ7,MP00000000000531,Lead
00QGfUA0662d2wyLYV,MP00000000000532,Lead
00QGyOphTExIqqB9r4,MP00000000000533,Lead
00QvSQND6wskOIsDTS,MP00000000000533,Lead
00QGzIojqotPwYWxcS,MP00000000000534,Lead
00QH6eSU1Nqap9eWcL,MP00000000000535,Lead
00QH8KI0YzH1D2De3S,MP00000000000536,Lead
00QWoo7W4mQJBVWFzk,MP00000000000536,Lead
00QHbj3cucLTPH8LQF,MP00000000000537,Lead
00QHgZovR8YnqZCBKe,MP00000000000538,Lead
00QHnKYaXRvj7uff0L,MP00000000000539,Lead
00QHon1iCdzzGypueB,MP00000000000540,Lead
00QnQZmZ2TAYeQbSce,MP00000000000540,Lead
00QIBgMEVNinGqUcp3,MP00000000000541,Lead
00QIq6XJkt3Hdb4dxf,MP00000000000542,Lead
00QJ1zip7VzT7XFiDX,MP00000000000543,Lead
00QJ5c4xcmlicXktJD,MP00000000000544,Lead
00QJKqJGAveZFsPtzp,MP00000000000545,Lead
00QJQ9j6A05f8ld8OK,MP00000000000546,Lead
00QJUQ9oNjRUS38XE4,MP00000000000547,Lead
00QJVncq3HOjy3K1iF,MP00000000000548,Lead
00QQ0O1VfxIdakEAWJ,MP00000000000548,Lead
00QJpxYyhIKHQI7CRB,MP00000000000549,Lead
00QO3Ha6QAA2RA6DVv,MP00000000000549,Lead
00QJrN194r0y34cNef,MP00000000000550,Lead
00QJuv8skRLsWqNJJO,MP00000000000551,Lead
00QJyHfnTTn40ilMph,MP00000000000552,Lead
00Qc1TbIKSsmoJpI6u,MP00000000000552,Lead
00QK6Bki6uKBY24qTq,MP00000000000553,Lead
00QK7xnaEx0junNZen,MP00000000000554,Lead
00QK8uNWBoIxlKxVsp,MP00000000000555,Lead
00QxK3ep8nzYvX3a2B,MP00000000000555,Lead
00QKFGx5O1DExPenmj,MP00000000000556,Lead
00QKMdmuZTyhQHt7nc,MP00000000000557,Lead
00QKUWrWVIitz8tPga,MP00000000000558,Lead
00QKZpRsQXXJcHPeOa,MP00000000000559,Lead
00QKlyAVX5hPKga0tY,MP00000000000560,Lead
00QKxK0rjC2fS2YOVj,MP00000000000561,Lead
00QL6YNBmOXrcLFokc,MP00000000000562,Lead
00QSbvgX5TFIuACXNl,MP00000000000562,Lead
00QLAC8Xr8EQCj7MPs,MP00000000000563,Lead
00QLLeI6qccFOAs08b,MP00000000000564,Lead
00QLbWphJeVmn1uj3a,MP00000000000565,Lead
00QLnHx6FK3Xr7tdfF,MP00000000000566,Lead
00QLtMH3K69OcAm3dm,MP00000000000567,Lead
00QLxtBa1elNimfKZ5,MP00000000000568,Lead
00QM445YJcucLSYgFS,MP00000000000569,Lead
00QMJdJlD3h6lbWpR3,MP00000000000570,Lead
00QMKSxLsFAXhO2I1A,MP00000000000571,Lead
00QYsRLn1jS8ydsYk7,MP00000000000571,Lead
00QMPInOyFXRQcxzWQ,MP00000000000572,Lead
00QUXZVQKWGGw4gZ3m,MP00000000000572,Lead
00QMcZttYs1ds7iqxj,MP00000000000573,Lead
00QMo4iCppaX3QjBvK,MP00000000000574,Lead
00QMqI6mfBMKbR5exU,MP00000000000575,Lead
00QMyRBPnNh3Elu6pQ,MP00000000000576,Lead
00QN2valr4ATwV5INm,MP00000000000577,Lead
00QNETZK7442QyLv2e,MP00000000000578,Lead
00QNGPOgQBLdxmp4ma,MP00000000000579,Lead
00QNH7T1CIgeqG9W0M,MP00000000000580,Lead
00QNMbr7EVR0CI5RKw,MP00000000000581,Lead
00QNNKqYbd3Bh4ZucC,MP00000000000582,Lead
00QZffTYIKIuhvPU1S,MP00000000000582,Lead
00QNbrnTP3fAbnFbmO,MP00000000000583,Lead
00QNgAC72qFl41sNLj,MP00000000000584,Lead
00QNjawFTkwm7GXkHY,MP00000000000585,Lead
00QNmKBziTnrbEBrkS,MP00000000000586,Lead
00QNmelDQCQ0Jusug2,MP00000000000587,Lead
00QNxj2fa5RKrQXDhi,MP00000000000588,Lead
00QOBSMjzQ1fgUKx7t,MP00000000000589,Lead
00Qk0hopUUnyf6DdVG,MP00000000000589,Lead
00QODH0A2TVwyJmIeF,MP00000000000590,Lead
00Qc0PkwBM2fYly7qx,MP00000000000590,Lead
00QOFu9lv2VCf1VqWA,MP00000000000591,Lead
00QObklyLeep48gGTY,MP00000000000592,Lead
00QOfD28ynxALeId5D,MP00000000000593,Lead
00QOqXByB7vlQwXqfA,MP00000000000594,Lead
00QQDikXnL6SRr30Cn,MP00000000000594,Lead
00QOshUCe84vq9x3gC,MP00000000000595,Lead
00QOui0BzVpYvFfxUw,MP00000000000596,Lead
00QP191ezqShWOHbDT,MP00000000000597,Lead
00QPC3ITyIlBhDdQmW,MP00000000000598,Lead
00QPY8EcFK12BGCSzO,MP00000000000599,Lead
00QPZ7AN1rSrpFAZ8f,MP00000000000600,Lead
00QPimLgz9smcb2wjZ,MP00000000000601,Lead
00QQ7Qc4N7A41uqgOy,MP00000000000602,Lead
00QQ7wwstYhE9zvZA8,MP00000000000603,Lead
00QQDururO7OlGod1Y,MP00000000000604,Lead
00QT4MANXdPzFUjb0Q,MP00000000000604,Lead
00QQJgzwlvOVkvYXMB,MP00000000000605,Lead
00QQOaD3Pz3RVHWOeb,MP00000000000606,Lead
00QQPHhalZaAHv9O59,MP00000000000607,Lead
00QQSoiAy55XxDdvIR,MP00000000000608,Lead
00QQeCh6PaLvxsM5NK,MP00000000000609,Lead
00QQq0JNns7dYjS05n,MP00000000000610,Lead
00QQrv8IUqFnnq5GND,MP00000000000611,Lead
00QRaDioQaRY9AiexT,MP00000000000612,Lead
00QWBeMC71N5ALz4ev,MP00000000000612,Lead
00QRh8LojIIf94ChZE,MP00000000000613,Lead
00QS6P0osPYJixTgGl,MP00000000000614,Lead
00QS6fLXa3zk0lrG4E,MP00000000000615,Lead
00QS7kUaS550DRlPgZ,MP00000000000616,Lead
00QSCXtlVRmBIxJh6a,MP00000000000617,Lead
00QSSmqP7lQY9cI1IR,MP00000000000618,Lead
00QSTNiVmMrncaizmX,MP00000000000619,Lead
00QSVAyNHjfe58juKV,MP00000000000620,Lead
00QaGVirHQEUsVXLXH,MP00000000000620,Lead
00QSW1uzOQBmNmv11P,MP00000000000621,Lead
00QSqpQ1vSLveBFoux,MP00000000000622,Lead
00QStHmQX3v8rb8M0J,MP00000000000623,Lead
00QTGUDWFgF6cW1GC7,MP00000000000624,Lead
00QTTmXrXAYaqibOVe,MP00000000000625,Lead
00QTYQozQ2JT0EoAMy,MP00000000000626,Lead
00QTxtLUKG2WGBZc9G,MP00000000000627,Lead
00QU7bWKSAQ9CRy6oz,MP00000000000628,Lead
00QUEeIp6iY0kbgsHy,MP00000000000629,Lead
00QUGsUBCjKMJzVUrU,MP00000000000630,Lead
00QUIQnxCQQj9Ds5fZ,MP00000000000631,Lead
00QhoW6gFWXMQdyNXZ,MP00000000000631,Lead
00QUOHgwMSRk0fZhBS,MP00000000000632,Lead
00QUYl2gkEsM4qtWu3,MP00000000000633,Lead
00QUj6L1r76s383Di6,MP00000000000634,Lead
00QUla3FElVPf1vQYm,MP00000000000635,Lead
00QUnslxmalOPsGjWk,MP00000000000636,Lead
00QUqfYLJDE4ekVFWt,MP00000000000637,Lead
00QUtINcq8JIWct6aw,MP00000000000638,Lead
00QV1RT7wVUntowm8q,MP00000000000639,Lead
00QV4RL7JTtwYwsEHU,MP00000000000640,Lead
00QVFCBB1uXPzoyH73,MP00000000000641,Lead
00QVIK6SP3H2Aagxdd,MP00000000000642,Lead
00QxBquKJqwoPCjQ53,MP00000000000642,Lead
00QVOQgJzzlbnLFeJz,MP00000000000643,Lead
00QVY6pWOylZe7r3hT,MP00000000000644,Lead
00QVfi4WJxM32d0hPC,MP00000000000645,Lead
00QVk7xHbjJM8Yhpzp,MP00000000000646,Lead
00QW0lzRdyuLodRPjl,MP00000000000647,Lead
00QW491h1pSZVPEJqz,MP00000000000648,Lead
00QnRx0rliJogqoAxj,MP00000000000648,Lead
00QWCZKtp5rBUJPuEu,MP00000000000649,Lead
00QWIeRG7GWjHzv2Pu,MP00000000000650,Lead
00QxQPHOvlHGTnabsP,MP00000000000650,Lead
00QWWQ1SfkUNfQDXB3,MP00000000000651,Lead
00QWkEfvHX7ts4fzMN,MP00000000000652,Lead
00QX0GTtkJAIyMyd5A,MP00000000000653,Lead
00QX1YqWg21nYCsXob,MP00000000000654,Lead
00QX1tRGi98i54tI6h,MP00000000000655,Lead
00QX25kgSC2RqbIdQn,MP00000000000656,Lead
00QX4unT6cb6gyEjso,MP00000000000657,Lead
00QX6ft8kdVON3dNSO,MP00000000000658,Lead
00QX8A3iKfmD19e7Uf,MP00000000000659,Lead
00QXBtaM7j1XrVfWkx,MP00000000000660,Lead
00QXMf566XoQUJK2WB,MP00000000000661,Lead
00QXP9K63LSFZH3UDq,MP00000000000662,Lead
00QXdMGTZenGgoxlOJ,MP00000000000663,Lead
00QXdjocqRB95cwREE,MP00000000000664,Lead
00QXiVpzmss5ClWZfG,MP00000000000665,Lead
00QXiyMtfjG8ZV0QXt,MP00000000000666,Lead
00QY0853siUB2wF5JB,MP00000000000667,Lead
00QY34NajjGyJmQtJ4,MP00000000000668,Lead
00QY5DtwY3LVvSbYn1,MP00000000000669,Lead
00QYDJ5wQyN7fH7eCV,MP00000000000670,Lead
00QYQrR99UT4asYWzz,MP00000000000671,Lead
00QYTH8xIZM1JRcore,MP00000000000672,Lead
00QYlalJLb89EMHjT5,MP00000000000673,Lead
00QYsi8zI6zR9DyhV8,MP00000000000674,Lead
00QYtzJkmM6MuLbSXf,MP00000000000675,Lead
00QYxyZaawIiBN4w8m,MP00000000000676,Lead
00QZFw30XBM2JhGgEd,MP00000000000677,Lead
00QZHVYmtzRhFqxdEd,MP00000000000678,Lead
00QZI5AnnUhRiTRAdg,MP00000000000679,Lead
00QZaDAPQjlGJ8Uplq,MP00000000000680,Lead
00QZdi2WF7I7SiTA4s,MP00000000000681,Lead
00QZvUb3vgvwvOpOK4,MP00000000000682,Lead
00Qa2RgriAubP678hE,MP00000000000683,Lead
00Qa9ntV6Y4FJJfCjq,MP00000000000684,Lead
00QaGhm1h2EMGi2zah,MP00000000000685,Lead
00QaQJav62AFRVdHM4,MP00000000000686,Lead
00QafpqjSCbkDGfCW3,MP00000000000687,Lead
00QagTwgK1gvdfFzgd,MP00000000000688,Lead
00QahKUQJYJ7pSopce,MP00000000000689,Lead
00QakfEYHlMq5AJvZW,MP00000000000690,Lead
00QaraBT7gwO8TxrOs,MP00000000000691,Lead
00QbJRAmf5xgqMH492,MP00000000000692,Lead
00QbJb6g5XT0pYv8pB,MP00000000000693,Lead
00QbQxWg6soYO68922,MP00000000000694,Lead
00Qber8f40YpXN9a4H,MP00000000000695,Lead
00QbkLz2QUDxL1jUGh,MP00000000000696,Lead
00QbmyyO7jsXT54Lwf,MP00000000000697,Lead
00QbtJtgEQmEYPks8m,MP00000000000698,Lead
00QbuFrEHS2JpDzfOv,MP00000000000699,Lead
00Qc2DDVK9wBJBbEPv,MP00000000000700,Lead
00QcOKD4csafhLKmPb,MP00000000000701,Lead
00QcT5kWEh3SKumPuW,MP00000000000702,Lead
00Qca5W3ZEqsZeLiC0,MP00000000000703,Lead
00QcdUnD4gl6wsgaI1,MP00000000000704,Lead
00Qcjx9sEXiKd33nYE,MP00000000000705,Lead
00QcvCnQjENGsB4Djh,MP00000000000706,Lead
00Qcwi4uzmW2wFqk46,MP00000000000707,Lead
00QdDqxuXt01Q8osUV,MP00000000000708,Lead
00QpZITGgrscAXCg4K,MP00000000000708,Lead
00QdMJ2pFtnluESSCy,MP00000000000709,Lead
00QdRlitol2ksRqEJv,MP00000000000710,Lead
00QdjIs9hVLXnGBB19,MP00000000000711,Lead
00QdvLnThCH6jnJ9Wd,MP00000000000712,Lead
00Qe3n2XwpVZu4Ad18,MP00000000000713,Lead
00QeEnPDxEvYVFt6RO,MP00000000000714,Lead
00QeLnRIaQUXPoKjCF,MP00000000000715,Lead
00QefUVE79f71WSGa4,MP00000000000716,Lead
00QeheqJoGWlQ9QHpI,MP00000000000717,Lead
00QehgHeNwuq1nax8x,MP00000000000718,Lead
00QeiDjlaFSE568xEN,MP00000000000719,Lead
00QejxjnzuCdZyV6b2,MP00000000000720,Lead
00QesIVhuyJ7ZmZ5DD,MP00000000000721,Lead
00QezGQvSpcMdK3nLh,MP00000000000722,Lead
00Qf1Fy69m0nbTvLj1,MP00000000000723,Lead
00Qf8HrlVj7Qd7lSsg,MP00000000000724,Lead
00QfKfOfj3PKXLA4jT,MP00000000000725,Lead
00QfNcYxW5u2A5hVU0,MP00000000000726,Lead
00Qfg5DV8YTo3k3UAd,MP00000000000727,Lead
00QfhdboEVaq7PWcnX,MP00000000000728,Lead
00Qg1Gtzd7g3pp751J,MP00000000000729,Lead
00QgfAIFgfILW1azWS,MP00000000000730,Lead
00QhPDKOzphKiF3jk5,MP00000000000730,Lead
00QgovduX6WMVMJfdc,MP00000000000731,Lead
00QhC4S4h3EfirP8XU,MP00000000000732,Lead
00QhDEcGRKqcZntuCu,MP00000000000733,Lead
00QhJEawfggBHuIT2J,MP00000000000734,Lead
00QhKFSRGI7i3NjMS6,MP00000000000735,Lead
00QhRIhhM4vv4ofazU,MP00000000000736,Lead
00QhVpkeJofeSTv4eK,MP00000000000737,Lead
00QhnMnlUI0YDtNZkX,MP00000000000738,Lead
00QhvaQdZALaDrfAMT,MP00000000000739,Lead
00Qi66GibP8iwTTdlc,MP00000000000740,Lead
00Qi8MTbx4xcPRuX0W,MP00000000000741,Lead
00QiG6DSBNagdNLkjy,MP00000000000742,Lead
00QiGLgh8VthJKedtV,MP00000000000743,Lead
00QiNImEQnUAGWfb7f,MP00000000000744,Lead
00QiPZTZTa35EtXPqS,MP00000000000745,Lead
00QiUAbit9NyaXPkKl,MP00000000000746,Lead
00QivNU0J8XZyZ29HG,MP00000000000747,Lead
00QizcCHTg9ISnnwca,MP00000000000748,Lead
00Qj5pa1VFbFdicji1,MP00000000000749,Lead
00QjOIC1iWO5e0D7Ll,MP00000000000750,Lead
00QjOc0PZs5dzlPLQK,MP00000000000751,Lead
00QjTvkyCvsYUEHwAL,MP00000000000752,Lead
00QjWTyzUzLtwg27Vt,MP00000000000753,Lead
00QjcwIAcw58cwQPvI,MP00000000000754,Lead
00QjfsTCT9pEwavS3W,MP00000000000755,Lead
00QjjmhQRCCOdLUfgy,MP00000000000756,Lead
00Qjn0w4KZDRrgI3jz,MP00000000000757,Lead
00Qk7Ovyh201LQbqn0,MP00000000000758,Lead
00Qkcw41C15Ii6HKCU,MP00000000000759,Lead
00Qsd37EgEKG895i1J,MP00000000000759,Lead
00QkeFGyAhRosuZuLg,MP00000000000760,Lead
00Qkh7h1IwtSIMOyuZ,MP00000000000761,Lead
00QkiCh1U37zBhGJO8,MP00000000000762,Lead
00QkjTTmmiCPnih4mM,MP00000000000763,Lead
00Qkpf2uciFErmlcaw,MP00000000000764,Lead
00Ql1Mjhyqljbm1xGR,MP00000000000765,Lead
00QlHWudX2082mfDPe,MP00000000000766,Lead
00QlTSARqmy0LIfDmp,MP00000000000767,Lead
00QlaRCvlp83Rh4hX0,MP00000000000768,Lead
00QluPrLPlMWXQlQSI,MP00000000000769,Lead
00QlwXd0rIqW5Qm3Ja,MP00000000000770,Lead
00QlykjPuGDKzToq5Z,MP00000000000771,Lead
00Qlzke2MJW21TrDAk,MP00000000000772,Lead
00Qm1D6wxDALAj7DVA,MP00000000000773,Lead
00QmGK2hTYXfSCC2hc,MP00000000000774,Lead
00QmYjnLjoruepcUTi,MP00000000000775,Lead
00QmlzqxKNEOlsosEX,MP00000000000776,Lead
00Qn4D6Fz2NoGEeLzI,MP00000000000777,Lead
00QnJdXDHFyQk8RCQa,MP00000000000778,Lead
00QvYB9WoYKvSNkimm,MP00000000000778,Lead
00QnLTLCAKHDIvtZj0,MP00000000000779,Lead
00QnLlxCmwqubJrgCz,MP00000000000780,Lead
00QnNMhgwQbYF9KerJ,MP00000000000781,Lead
00QnOrho9IuHmQeO6b,MP00000000000782,Lead
00QnTRxFlNydZU9Vmr,MP00000000000783,Lead
00QndTdtdD5GdF0ee1,MP00000000000784,Lead
00Qnq30YPJyaonYoac,MP00000000000785,Lead
00Qo02a11WTFSyDr40,MP00000000000786,Lead
00Qo5XN0zicuBBrdwM,MP00000000000787,Lead
00QoYlzw45Y4R0gGPt,MP00000000000788,Lead
00QogrNwwmq6OLkTkx,MP00000000000789,Lead
00QowyL82Xa1yZ5bhG,MP00000000000790,Lead
00Qp3bLAViyPtRsoXF,MP00000000000791,Lead
00QprErniUGgA7wLma,MP00000000000792,Lead
00QqD7vIsUEFylkQ3r,MP00000000000793,Lead
00QqD9UBJAMdsnZKUS,MP00000000000794,Lead
00Qqdfib91g5hiqle0,MP00000000000795,Lead
00QqgctUlXQWI2yKqQ,MP00000000000796,Lead
00QqjQFPR5BC0ggLW6,MP00000000000797,Lead
00QrGEUIT3COGWJZzp,MP00000000000798,Lead
00QrIFjmLuuqhrbLOF,MP00000000000799,Lead
00QrSfExCTQ0oz9A13,MP00000000000800,Lead
00QrTAIqOkC6P6imNq,MP00000000000801,Lead
00QrY2PDkW9fXjk2u3,MP00000000000802,Lead
00QrbHBPfFmtL64wj0,MP00000000000803,Lead
00Qrh0KRw7S0eUOXnP,MP00000000000804,Lead
00QrhEw3QpusYHlwbu,MP00000000000805,Lead
00Qri2d89nhON8u62q,MP00000000000806,Lead
00Qrp5B1Id9Z850kEn,MP00000000000807,Lead
00QrrkVDVeCsnm107q,MP00000000000808,Lead
00Qs1jBtYNWqeWET5u,MP00000000000809,Lead
00Qs4O4ukyo4yjLMq5,MP00000000000810,Lead
00QsDlo0qLBOhjbiUo,MP00000000000811,Lead
00QsDuTnHUIM9RPx4G,MP00000000000812,Lead
00QsKETnXjsNNhPrl4,MP00000000000813,Lead
00QsS2GPqZf3vUkvzD,MP00000000000814,Lead
00QsbEUnWUBKViXyi3,MP00000000000815,Lead
00Qse0V8J56WwF8hEs,MP00000000000816,Lead
00Qsjmc5L6TurNVG8O,MP00000000000817,Lead
00QswIdRYw11oRytxx,MP00000000000818,Lead
00QswOujm2g6jSBVMT,MP00000000000819,Lead
00QsxfUoLOaxX2Mv6W,MP00000000000820,Lead
00Qt5yurP2LHvP8b2l,MP00000000000821,Lead
00QtL5XZmsVCfKXhdT,MP00000000000822,Lead
00Qtb9go69CFyLQiXR,MP00000000000823,Lead
00QtvkrEnk6qLgorfI,MP00000000000824,Lead
00Qu3cA3yqe4yx1RR3,MP00000000000825,Lead
00QuBLyLfA55914Tsm,MP00000000000826,Lead
00QuIlmH6hnwkytyCe,MP00000000000827,Lead
00Quj9Bvt9uxVATLIn,MP00000000000828,Lead
00Quva3lvgEfFjhEjO,MP00000000000829,Lead
00Quwt5nb63Wb95Awk,MP00000000000830,Lead
00QwHA6as6GWOBJRG9,MP00000000000831,Lead
00QwKVbTCW0czRtSUB,MP00000000000832,Lead
00QwZteLnkNriBBRph,MP00000000000833,Lead
00Qwed7JJNyA4ZdHSD,MP00000000000834,Lead
00QwkIeRm8ohD6J7nU,MP00000000000835,Lead
00QwtO4cTXd4PpxNR3,MP00000000000836,Lead
00Qx6FnMuSbB0LrjHt,MP00000000000837,Lead
00QxAkpDgZpAgIVXFc,MP00000000000838,Lead
00QxIYVhnMIeO46NrM,MP00000000000839,Lead
00QxNdkcFKsZN7vblu,MP00000000000840,Lead
00QxlUaBGatfwp5Lcr,MP00000000000841,Lead
00QxljtPDq7lyGgXvT,MP00000000000842,Lead
00QxqeWlzIojiRadWg,MP00000000000843,Lead
00QxyS5CvpehxIyeYp,MP00000000000844,Lead
00Qy4CqpIqK3yn9Ffc,MP00000000000845,Lead
00Qy5VikVQ8Peb4BFT,MP00000000000846,Lead
00QyIW2KN9Q6TzkFEC,MP00000000000847,Lead
00QyNHXjhF1eF9JpU0,MP00000000000848,Lead
00QyPstUeC99enq522,MP00000000000849,Lead
00QyYWGdZHYOUmOh1R,MP00000000000850,Lead
00QygueIHT28dJppTQ,MP00000000000851,Lead
00QyqhwUqxNxPDM6uL,MP00000000000852,Lead
00Qyx6RHKT2OZM6rQn,MP00000000000853,Lead
00Qz5FYrsK9EjHvIHC,MP00000000000854,Lead
00QzIl98M19FCMmdgj,MP00000000000855,Lead
00QzOiCrYmPpZbAxIT,MP00000000000856,Lead
00QzaZLjTXmLtuFbqm,MP00000000000857,Lead
